gap_hours,method,trials,point_mae,daily_mean_mae,daily_minimum_mae,low_hours_mae,low_hours_bias,true_low_day_trials,missed_low_days,false_low_days,missed_low_day_rate
1,Linear interpolation,2260,0.41626314601150444,0.017344297750479333,0.005641867140265487,0.033185840707964605,-0.024336283185840708,1800,5,0,0.002777777777777778
1,Random forest,2260,1.3664746910282508,0.056936445459510446,0.0072714376548008355,0.15265486725663716,-0.12876106194690265,1800,5,0,0.002777777777777778
1,Training median,2260,2.128263649745575,0.08867765207273232,0.005641867140265487,0.21327433628318584,-0.21327433628318584,1800,5,0,0.002777777777777778
1,Unfilled,2260,,0.0777653549814512,0.005641867140265487,0.21327433628318584,-0.21327433628318584,1800,5,0,0.002777777777777778
3,Linear interpolation,2260,0.6365507441578171,0.06797161470264566,0.0399692702659292,0.23185840707964603,-0.14424778761061946,1800,11,0,0.006111111111111111
3,Random forest,2260,1.3442861986751085,0.1615070498068028,0.03513061769636254,0.4654867256637168,-0.3893805309734513,1800,6,0,0.0033333333333333335
3,Training median,2260,2.180622450996313,0.26253944762767334,0.0399692702659292,0.6495575221238938,-0.6495575221238938,1800,11,0,0.006111111111111111
3,Unfilled,2260,,0.2366367058133744,0.0399692702659292,0.6495575221238938,-0.6495575221238938,1800,11,0,0.006111111111111111
6,Linear interpolation,2260,0.9589861001586073,0.20160948830020278,0.13940500997787608,0.7632743362831859,-0.5004424778761062,1800,81,0,0.045
6,Random forest,2260,1.3688243100801312,0.3152478167205454,0.10733602484734597,0.9353982300884955,-0.8070796460176991,1800,50,0,0.027777777777777776
6,Training median,2260,2.237810210554941,0.5053359135368178,0.13940500997787608,1.2849557522123893,-1.2849557522123893,1800,81,0,0.045
6,Unfilled,2260,,0.4926276837496313,0.13940500997787608,1.2849557522123893,-1.2849557522123893,1800,81,0,0.045
