timestamp,DO,Temp Celsius,Sal psu,pH,Turbidity FNU,quality
2025-01-01T00:00:00,,20.0,10.0,7.5,15.0,good
2025-01-01T01:00:00,,21.0353,10.0333,7.5077,14.985,good
2025-01-01T02:00:00,4.009998,22.0,10.0666,7.5153,14.9402,good
2025-01-01T03:00:00,4.429207,22.8284,10.0998,7.5229,14.866,good
2025-01-01T04:00:00,4.752036,23.4641,10.1329,7.5303,14.7632,good
2025-01-01T05:00:00,4.956823,23.8637,10.1659,7.5375,14.6327,good
2025-01-01T06:00:00,5.02995,24.0,10.1987,7.5445,14.476,good
2025-01-01T07:00:00,4.966772,23.8637,10.2312,7.5513,14.2945,good
2025-01-01T08:00:00,4.771932,23.4641,10.2635,7.5577,14.0901,good
2025-01-01T09:00:00,4.459045,22.8284,10.2955,7.5638,13.8648,good
2025-01-01T10:00:00,4.049769,22.0,10.3272,7.5696,13.6209,good
2025-01-01T11:00:00,3.572331,21.0353,10.3585,7.5749,13.3608,good
2025-01-01T12:00:00,3.059601,20.0,10.3894,7.5797,13.0871,good
2025-01-01T13:00:00,2.546855,18.9647,10.4199,7.5841,12.8025,good
2025-01-01T14:00:00,2.069367,18.0,10.4499,7.5881,12.5099,good
2025-01-01T15:00:00,1.660008,17.1716,10.4794,7.5914,12.2122,good
2025-01-01T16:00:00,1.347004,16.5359,10.5084,7.5943,11.9124,good
2025-01-01T17:00:00,1.152016,16.1363,10.5368,7.5966,11.6135,good
2025-01-01T18:00:00,1.088656,16.0,10.5646,7.5983,11.3184,good
2025-01-01T19:00:00,1.161569,16.1363,10.5918,7.5994,11.0301,good
2025-01-01T20:00:00,1.366108,16.5359,10.6184,7.5999,10.7516,good
2025-01-01T21:00:00,1.688656,17.1716,10.6442,7.5999,10.4855,good
2025-01-01T22:00:00,2.107552,18.0,10.6693,7.5993,10.2345,good
2025-01-01T23:00:00,2.594566,18.9647,10.6937,7.598,10.0012,good
2025-01-02T00:00:00,3.116826,20.0,10.7174,7.5962,9.7878,good
2025-01-02T01:00:00,3.639052,21.0353,10.7402,7.5939,9.5966,good
2025-01-02T02:00:00,4.12597,22.0,10.7622,7.5909,9.4293,good
2025-01-02T03:00:00,4.544703,22.8284,10.7833,7.5875,9.2878,good
2025-01-02T04:00:00,4.867024,23.4641,10.8036,7.5835,9.1733,good
2025-01-02T05:00:00,5.071272,23.8637,10.823,7.579,9.0871,good
2025-01-02T06:00:00,broken,24.0,10.8415,7.5741,9.03,good
2025-01-02T07:00:00,-2,23.8637,10.859,7.5687,9.0026,good
2025-01-02T08:00:00,4.884573,23.4641,10.8756,7.5629,9.0051,reject
2025-01-02T09:00:00,4.57102,22.8284,10.8912,7.5567,9.0376,good
2025-01-02T10:00:00,4.161047,22.0,10.9058,7.5502,9.0996,good
2025-01-02T11:00:00,3.682881,21.0353,10.9194,7.5434,9.1906,good
2025-01-02T12:00:00,3.169393,20.0,10.932,7.5364,9.3097,good
2025-01-02T13:00:00,2.655858,18.9647,10.9436,7.5291,9.4557,good
2025-01-02T14:00:00,2.17755,18.0,10.9541,7.5217,9.6271,good
2025-01-02T15:00:00,1.767342,17.1716,10.9636,7.5141,9.8222,good
2025-01-02T16:00:00,1.45346,16.5359,10.9719,7.5065,10.0391,good
2025-01-02T17:00:00,1.257563,16.1363,10.9792,7.4988,10.2755,good
2025-01-02T18:00:00,1.193265,16.0,10.9854,7.4911,10.5292,good
2025-01-02T19:00:00,1.265211,16.1363,10.9906,7.4835,10.7976,good
2025-01-02T20:00:00,1.468754,16.5359,10.9946,7.4759,11.078,good
2025-01-02T21:00:00,1.790278,17.1716,10.9975,7.4685,11.3676,good
2025-01-02T22:00:00,2.208122,18.0,10.9993,7.4613,11.6635,good
2025-01-02T23:00:00,2.694055,18.9647,11.0,7.4544,11.9628,good
2025-01-03T00:00:00,3.215207,20.0,10.9996,7.4477,12.2625,good
2025-01-03T01:00:00,3.736298,21.0353,10.998,7.4413,12.5595,good
2025-01-03T02:37:00,4.222053,22.0,10.9954,7.4352,12.851,good
2025-01-03T03:00:00,4.639598,22.8284,10.9917,7.4296,13.1339,good
2025-01-03T04:00:00,4.960703,23.4641,10.9868,7.4243,13.4056,good
2025-01-03T05:00:00,5.163709,23.8637,10.9809,7.4195,13.6631,good
2025-01-03T06:00:00,5.234998,24.0,10.9738,7.4152,13.9041,good
2025-01-03T07:00:00,5.169925,23.8637,10.9657,7.4114,14.126,good
2025-01-03T08:00:00,4.973133,23.4641,10.9565,7.4081,14.3267,good
2025-01-03T09:00:00,4.658238,22.8284,10.9463,7.4053,14.5041,good
2025-01-03T10:00:00,4.246899,22.0,10.935,7.4031,14.6566,good
2025-01-03T11:00:00,3.767343,21.0353,10.9227,7.4015,14.7824,good
2025-01-03T12:00:00,3.252441,20.0,10.9093,7.4005,14.8805,good
2025-01-03T13:00:00,2.73747,18.9647,10.8949,7.4,14.9498,good
2025-01-03T14:00:00,2.257703,18.0,10.8796,7.4002,14.9896,good
2025-01-03T15:00:00,1.846013,17.1716,10.8632,7.4009,14.9996,good
2025-01-03T16:00:00,1.530628,16.5359,10.8459,7.4022,14.9796,good
2025-01-03T17:00:00,1.333206,16.1363,10.8277,7.4041,14.9298,good
2025-01-03T18:00:00,1.267362,16.0,10.8085,7.4066,14.8507,good
2025-01-03T19:00:00,1.337741,16.1363,10.7884,7.4096,14.7431,good
2025-01-03T20:00:00,1.539698,16.5359,10.7675,7.4131,14.6082,good
2025-01-03T21:00:00,1.859616,17.1716,10.7457,7.4172,14.4472,good
2025-01-03T22:00:00,2.275833,18.0,10.7231,7.4218,14.2617,good
2025-01-03T23:00:00,2.760123,18.9647,10.6997,7.4268,14.0536,good
2025-01-04T00:00:00,3.279612,20.0,10.6755,7.4322,13.8251,good
2025-01-04T01:00:00,3.799023,21.0353,10.6505,7.4381,13.5782,good
2025-01-04T02:00:00,4.283079,22.0,10.6248,7.4443,13.3156,good
2025-01-04T03:00:00,4.698909,22.8284,10.5985,7.4508,13.0399,good
2025-01-04T04:00:00,5.018283,23.4641,10.5714,7.4577,12.7538,good
2025-01-04T05:00:00,5.219542,23.8637,10.5438,7.4648,12.4601,good
2025-01-04T06:00:00,5.289067,24.0,10.5155,7.4721,12.1619,good
2025-01-04T07:00:00,5.222216,23.8637,10.4867,7.4795,11.862,good
2025-01-04T08:00:00,5.023632,23.4641,10.4573,7.4871,11.5635,good
2025-01-04T09:00:00,4.706931,22.8284,10.4274,7.4948,11.2694,good
2025-01-04T10:00:00,4.293771,22.0,10.397,7.5025,10.9825,good
2025-01-04T11:00:00,3.812382,21.0353,10.3662,7.5101,10.7059,good
2025-01-04T12:00:00,3.295635,20.0,10.335,7.5177,10.4421,good
2025-01-04T13:00:00,2.778806,18.9647,10.3034,7.5253,10.194,good
2025-01-04T14:00:00,2.29717,18.0,10.2715,7.5326,9.9638,good
2025-01-04T15:00:00,1.8836,17.1716,10.2392,7.5398,9.7541,good
2025-01-04T16:00:00,1.566324,16.5359,10.2068,7.5467,9.5667,good
2025-01-04T17:00:00,1.367002,16.1363,10.174,7.5534,9.4037,good
2025-01-04T18:00:00,1.299248,16.0,10.1411,7.5597,9.2666,good
2025-01-04T19:00:00,1.367709,16.1363,10.108,7.5657,9.1568,good
2025-01-04T20:00:00,1.567739,16.5359,10.0749,7.5713,9.0755,good
2025-01-04T21:00:00,1.885722,17.1716,10.0416,7.5765,9.0233,good
2025-01-04T22:00:00,2.299997,18.0,10.0083,7.5812,9.0009,good
2025-01-04T23:00:00,2.782338,18.9647,9.9749,7.5854,9.0085,good
2025-01-05T00:00:00,3.299872,20.0,9.9416,7.5892,9.0459,good
2025-01-05T01:00:00,3.817323,21.0353,9.9084,7.5924,9.1129,good
2025-01-05T02:00:00,4.299414,22.0,9.8753,7.5951,9.2087,good
2025-01-05T03:00:00,4.713273,22.8284,9.8423,7.5972,9.3324,good
2025-01-05T04:00:00,5.030673,23.4641,9.8094,7.5987,9.4828,good
2025-01-05T05:00:00,5.229954,23.8637,9.7768,7.5996,9.6583,good
2025-01-05T06:00:00,5.297499,24.0,9.7445,7.6,9.8572,good
2025-01-05T07:00:00,5.228666,23.8637,9.7124,7.5998,10.0775,good
2025-01-05T08:00:00,5.028097,23.4641,9.6806,7.5989,10.317,good
2025-01-05T09:00:00,4.709409,22.8284,9.6492,7.5975,10.5734,good
2025-01-05T10:00:00,4.294264,22.0,9.6182,7.5955,10.844,good
2025-01-05T11:00:00,3.810888,21.0353,9.5876,7.593,11.1261,good
2025-01-05T12:00:00,3.292154,20.0,9.5575,7.5899,11.417,good
2025-01-05T13:00:00,2.77334,18.9647,9.5278,7.5862,11.7137,good
2025-01-05T14:00:00,,18.0,9.4987,7.5821,12.0133,good
2025-01-05T15:00:00,1.874169,17.1716,9.4702,7.5775,12.3127,good
2025-01-05T16:00:00,1.554914,16.5359,9.4422,7.5724,12.609,good
2025-01-05T17:00:00,1.353615,16.1363,9.4148,7.5669,12.8992,good
2025-01-05T18:00:00,1.28389,16.0,9.3881,7.561,13.1805,good
2025-01-05T19:00:00,1.350383,16.1363,9.3621,7.5547,13.4499,good
2025-01-05T20:00:00,1.548449,16.5359,9.3368,7.5481,13.7049,good
2025-01-05T21:00:00,1.864474,17.1716,9.3122,7.5412,13.9428,good
2025-01-05T22:00:00,2.276798,18.0,9.2884,7.5341,14.1613,good
2025-01-05T23:00:00,2.757194,18.9647,9.2654,7.5268,14.3582,good
2025-01-06T00:00:00,3.272789,20.0,9.2432,7.5193,14.5316,good
2025-01-06T01:00:00,3.788309,21.0353,9.2218,7.5117,14.6796,good
2025-01-06T02:00:00,4.268477,22.0,9.2013,7.504,14.8009,good
2025-01-06T03:00:00,4.680422,22.8284,9.1817,7.4963,14.8942,good
2025-01-06T04:00:00,4.995917,23.4641,9.163,7.4887,14.9586,good
2025-01-06T05:00:00,5.193303,23.8637,9.1452,7.4811,14.9934,good
2025-01-06T06:00:00,5.258963,24.0,9.1284,7.4736,14.9983,good
2025-01-06T07:00:00,5.188254,23.8637,9.1126,7.4662,14.9733,good
2025-01-06T08:00:00,4.985822,23.4641,9.0977,7.4591,14.9185,good
2025-01-06T09:00:00,4.665283,22.8284,9.0838,7.4522,14.8346,good
2025-01-06T10:00:00,4.248298,22.0,9.071,7.4456,14.7223,good
2025-01-06T11:00:00,3.763096,21.0353,9.0592,7.4393,14.5829,good
2025-01-06T12:00:00,3.242549,20.0,9.0484,7.4334,14.4177,good
2025-01-06T13:00:00,2.721935,18.9647,9.0387,7.4278,14.2282,good
2025-01-06T14:00:00,2.23653,18.0,9.03,7.4227,14.0166,good
2025-01-06T15:00:00,1.819208,17.1716,9.0225,7.4181,13.7848,good
2025-01-06T16:00:00,1.498198,16.5359,9.016,7.4139,13.5351,good
2025-01-06T17:00:00,1.29516,16.1363,9.0106,7.4103,13.2701,good
2025-01-06T18:00:00,1.223712,16.0,9.0063,7.4071,12.9924,good
2025-01-06T19:00:00,1.288498,16.1363,9.0031,7.4046,12.7048,good
2025-01-06T20:00:00,1.484875,16.5359,9.001,7.4026,12.4102,good
2025-01-06T21:00:00,1.799228,17.1716,9.0001,7.4011,12.1115,good
2025-01-06T22:00:00,2.209899,18.0,9.0002,7.4003,11.8116,good
2025-01-06T23:00:00,2.68866,18.9647,9.0015,7.4,11.5137,good
2025-01-07T00:00:00,3.202639,20.0,9.0038,7.4003,11.2205,good
2025-01-07T01:00:00,3.716562,21.0353,9.0073,7.4012,10.9352,good
2025-01-07T02:00:00,4.195154,22.0,9.0119,7.4028,10.6605,good
2025-01-07T03:00:00,4.605543,22.8284,9.0175,7.4048,10.3992,good
2025-01-07T04:00:00,4.919503,23.4641,9.0243,7.4075,10.1539,good
2025-01-07T05:00:00,5.115374,23.8637,9.0322,7.4107,9.9271,good
2025-01-07T06:00:00,5.179542,24.0,9.0411,7.4144,9.7209,good
2025-01-07T07:00:00,5.107363,23.8637,9.0511,7.4186,9.5376,good
2025-01-07T08:00:00,4.903483,23.4641,9.0621,7.4233,9.3788,good
2025-01-07T09:00:00,4.581519,22.8284,9.0742,7.4285,9.2462,good
2025-01-07T10:00:00,4.163132,22.0,9.0873,7.434,9.1411,good
2025-01-07T11:00:00,3.676551,21.0353,9.1014,7.44,9.0646,good
2025-01-07T12:00:00,3.15465,20.0,9.1165,7.4463,9.0175,good
2025-01-07T13:00:00,2.632707,18.9647,9.1327,7.453,9.0001,good
2025-01-07T14:00:00,2.145997,18.0,9.1497,7.4599,9.0127,good
2025-01-07T15:00:00,1.727396,17.1716,9.1677,7.4671,9.0551,good
2025-01-07T16:00:00,1.405131,16.5359,9.1867,7.4744,9.127,good
2025-01-07T17:00:00,1.200865,16.1363,9.2065,7.4819,9.2276,good
2025-01-07T18:00:00,1.128214,16.0,9.2272,7.4895,9.3559,good
2025-01-07T19:00:00,1.191824,16.1363,9.2488,7.4972,9.5106,good
2025-01-07T20:00:00,1.387053,16.5359,9.2712,7.5049,9.6902,good
2025-01-07T21:00:00,1.700285,17.1716,9.2945,7.5126,9.8928,good
2025-01-07T22:00:00,2.109861,18.0,9.3185,7.5201,10.1165,good
2025-01-07T23:00:00,2.587555,18.9647,9.3432,7.5276,10.359,good
2025-01-08T00:00:00,3.100496,20.0,9.3687,7.5349,10.618,good
2025-01-08T01:00:00,3.61341,21.0353,9.3949,7.542,10.8907,good
2025-01-08T02:00:00,4.09102,22.0,9.4218,7.5489,11.1745,good
2025-01-08T03:00:00,4.500457,22.8284,9.4493,7.5554,11.4666,good
2025-01-08T04:00:00,4.813494,23.4641,9.4774,7.5617,11.764,good
2025-01-08T05:00:00,5.008471,23.8637,9.5061,7.5675,12.0637,good
2025-01-08T06:00:00,5.071775,24.0,9.5354,7.573,12.3628,good
2025-01-08T07:00:00,4.998762,23.8637,9.5652,7.578,12.6583,good
2025-01-08T08:00:00,4.794078,23.4641,9.5954,7.5826,12.9472,good
2025-01-08T09:00:00,4.47134,22.8284,9.6261,7.5867,13.2267,good
2025-01-08T10:00:00,4.052211,22.0,9.6572,7.5903,13.4939,good
2025-01-08T11:00:00,3.564918,21.0353,9.6887,7.5933,13.7461,good
2025-01-08T12:00:00,,20.0,9.7206,7.5958,13.981,good
2025-01-08T13:00:00,,18.9647,9.7527,7.5977,14.196,good
2025-01-08T14:00:00,,18.0,9.7852,7.5991,14.3891,good
2025-01-08T15:00:00,1.613226,17.1716,9.8178,7.5998,14.5583,good
2025-01-08T16:00:00,1.290406,16.5359,9.8507,7.6,14.7019,good
2025-01-08T17:00:00,1.085616,16.1363,9.8837,7.5996,14.8186,good
2025-01-08T18:00:00,1.012474,16.0,9.9169,7.5985,14.9071,good
2025-01-08T19:00:00,1.075625,16.1363,9.9502,7.597,14.9665,good
2025-01-08T20:00:00,1.270427,16.5359,9.9835,7.5948,14.9963,good
2025-01-08T21:00:00,1.583264,17.1716,10.0168,7.5921,14.9962,good
2025-01-08T22:00:00,1.992479,18.0,10.0501,7.5888,14.9661,good
2025-01-08T23:00:00,2.469843,18.9647,10.0834,7.585,14.9064,good
2025-01-09T00:00:00,2.982488,20.0,10.1165,7.5807,14.8177,good
2025-01-09T01:00:00,3.495137,21.0353,10.1496,7.5759,14.7008,good
2025-01-09T02:00:00,3.972516,22.0,10.1825,7.5707,14.5569,good
2025-01-09T03:00:00,4.381755,22.8284,10.2151,7.565,14.3874,good
2025-01-09T04:00:00,4.694626,23.4641,10.2475,7.559,14.1942,good
2025-01-09T05:00:00,4.889472,23.8637,10.2797,7.5526,13.9789,good
2025-01-09T06:00:00,4.952676,24.0,10.3115,7.5459,13.744,good
2025-01-09T07:00:00,4.879597,23.8637,10.343,7.539,13.4916,good
2025-01-09T08:00:00,4.67488,23.4641,10.3742,7.5318,13.2242,good
2025-01-09T09:00:00,4.352143,22.8284,10.4048,7.5244,12.9447,good
2025-01-09T10:00:00,3.933046,22.0,10.4351,7.5169,12.6557,good
2025-01-09T11:00:00,3.44582,21.0353,10.4649,7.5092,12.3602,good
2025-01-09T12:00:00,2.923338,20.0,10.4941,7.5016,12.0611,good
2025-01-09T13:00:00,2.400876,18.9647,10.5228,7.4939,11.7613,good
2025-01-09T14:00:00,1.913714,18.0,10.5509,7.4862,11.464,good
2025-01-09T15:00:00,1.494724,17.1716,10.5784,7.4787,11.1719,good
2025-01-09T16:00:00,1.172136,16.5359,10.6053,7.4712,10.8882,good
2025-01-09T17:00:00,0.96761,16.1363,10.6315,7.4639,10.6156,good
2025-01-09T20:00:00,1.15341,16.5359,10.7058,7.4436,9.8909,good
2025-01-09T21:00:00,1.466642,17.1716,10.729,7.4374,9.6885,good
2025-01-09T22:00:00,1.876284,18.0,10.7514,7.4316,9.5091,good
2025-01-09T23:00:00,2.354108,18.9647,10.773,7.4262,9.3546,good
2025-01-10T00:00:00,2.867244,20.0,10.7937,7.4212,9.2266,good
2025-01-10T01:00:00,3.380417,21.0353,10.8135,7.4167,9.1263,good
2025-01-10T02:00:00,3.858352,22.0,10.8324,7.4127,9.0546,good
2025-01-10T03:00:00,4.268178,22.8284,10.8504,7.4092,9.0125,good
2025-01-10T04:00:00,4.581668,23.4641,10.8675,7.4063,9.0001,good
2025-01-10T05:00:00,4.777163,23.8637,10.8836,7.4039,9.0178,good
2025-01-10T06:00:00,4.841049,24.0,10.8987,7.402,9.0652,good
2025-01-10T07:00:00,4.768683,23.8637,10.9128,7.4008,9.142,good
2025-01-10T08:00:00,4.564709,23.4641,10.9259,7.4001,9.2473,good
2025-01-10T09:00:00,4.242745,22.8284,10.938,7.4,9.3801,good
2025-01-10T10:00:00,3.824453,22.0,10.949,7.4006,9.5391,good
2025-01-10T11:00:00,3.338061,21.0353,10.959,7.4017,9.7227,good
2025-01-10T12:00:00,2.816443,20.0,10.9679,7.4034,9.929,good
2025-01-10T13:00:00,2.294875,18.9647,10.9758,7.4056,10.156,good
2025-01-10T14:00:00,1.808636,18.0,10.9825,7.4084,10.4015,good
2025-01-10T15:00:00,1.390599,17.1716,10.9882,7.4118,10.6629,good
2025-01-10T16:00:00,1.068992,16.5359,10.9927,7.4157,10.9377,good
2025-01-10T17:00:00,0.865477,16.1363,10.9962,7.42,11.2231,good
2025-01-10T18:00:00,0.79367,16.0,10.9985,7.4249,11.5163,good
2025-01-10T19:00:00,0.858218,16.1363,10.9998,7.4302,11.8143,good
2025-01-10T20:00:00,1.054476,16.5359,10.9999,7.4359,12.1141,good
2025-01-10T21:00:00,1.36883,17.1716,10.9989,7.442,12.4129,good
2025-01-10T22:00:00,1.779621,18.0,10.9969,7.4484,12.7074,good
2025-01-10T23:00:00,2.258621,18.9647,10.9937,7.4552,12.995,good
2025-01-11T00:00:00,2.772959,20.0,10.9894,7.4622,13.2725,good
2025-01-11T01:00:00,3.287361,21.0353,10.984,7.4694,13.5374,good
2025-01-11T02:00:00,3.76655,22.0,10.9775,7.4768,13.7869,good
2025-01-11T03:00:00,4.177656,22.8284,10.9699,7.4843,14.0186,good
2025-01-11T04:00:00,4.492451,23.4641,10.9612,7.492,14.23,good
2025-01-11T05:00:00,4.689277,23.8637,10.9515,7.4997,14.4192,good
2025-01-11T06:00:00,4.754517,24.0,10.9407,7.5073,14.5843,good
2025-01-11T07:00:00,4.683529,23.8637,10.9289,7.515,14.7235,good
2025-01-11T08:00:00,4.480957,23.4641,10.916,7.5225,14.8355,good
2025-01-11T09:00:00,4.160418,22.8284,10.9022,7.53,14.9191,good
2025-01-11T10:00:00,,22.0,10.8873,7.5372,14.9736,good
2025-01-11T11:00:00,,21.0353,10.8714,7.5442,14.9984,good
2025-01-11T12:00:00,,20.0,10.8546,7.551,14.9932,good
2025-01-11T13:00:00,,18.9647,10.8368,7.5574,14.9581,good
2025-01-11T14:00:00,,18.0,10.8181,7.5636,14.8935,good
2025-01-11T15:00:00,,17.1716,10.7985,7.5693,14.7999,good
2025-01-11T16:00:00,,16.5359,10.778,7.5746,14.6784,good
2025-01-11T17:00:00,,16.1363,10.7566,7.5795,14.5301,good
2025-01-11T18:00:00,,16.0,10.7344,7.584,14.3566,good
2025-01-11T19:00:00,,16.1363,10.7114,7.5879,14.1594,good
2025-01-11T20:00:00,0.989245,16.5359,10.6876,7.5913,13.9408,good
2025-01-11T21:00:00,1.305271,17.1716,10.663,7.5942,13.7027,good
2025-01-11T22:00:00,1.717751,18.0,10.6377,7.5965,13.4476,good
2025-01-11T23:00:00,2.198458,18.9647,10.6116,7.5982,13.178,good
2025-01-12T00:00:00,2.714519,20.0,10.5849,7.5994,12.8967,good
2025-01-12T01:00:00,3.230661,21.0353,10.5576,7.5999,12.6064,good
2025-01-12T02:00:00,3.711605,22.0,10.5296,7.5999,12.3101,good
2025-01-12T03:00:00,4.124482,22.8284,10.501,7.5993,12.0106,good
2025-01-12T04:00:00,4.441062,23.4641,10.4719,7.5981,11.7111,good
2025-01-12T05:00:00,4.639687,23.8637,10.4423,7.5963,11.4144,good
2025-01-12T06:00:00,4.706741,24.0,10.4121,7.594,11.1236,good
2025-01-12T07:00:00,4.637579,23.8637,10.3815,7.5911,10.8415,good
2025-01-12T08:00:00,4.436847,23.4641,10.3505,7.5876,10.571,good
2025-01-12T09:00:00,4.11816,22.8284,10.3191,7.5837,10.3148,good
2025-01-12T10:00:00,3.70318,22.0,10.2873,7.5792,10.0755,good
2025-01-12T11:00:00,3.220133,21.0353,10.2553,7.5743,9.8553,good
2025-01-12T12:00:00,2.701893,20.0,10.2229,7.5689,9.6566,good
2025-01-12T13:00:00,2.183735,18.9647,10.1903,7.5631,9.4813,good
2025-01-12T14:00:00,1.700937,18.0,10.1575,7.557,9.3312,good
2025-01-12T15:00:00,1.28637,17.1716,10.1245,7.5505,9.2077,good
2025-01-12T16:00:00,0.968263,16.5359,10.0913,7.5437,9.1122,good
2025-01-12T17:00:00,0.768275,16.1363,10.0581,7.5367,9.0455,good
2025-01-12T18:00:00,0.700023,16.0,10.0248,7.5294,9.0083,good
2025-01-12T19:00:00,0.768151,16.1363,9.9914,7.522,9.001,good
2025-01-12T20:00:00,0.968015,16.5359,9.9581,7.5144,9.0237,good
2025-01-12T21:00:00,1.285999,17.1716,9.9248,7.5068,9.0761,good
2025-01-12T22:00:00,1.700442,18.0,9.8917,7.4991,9.1577,good
2025-01-12T23:00:00,2.183117,18.9647,9.8586,7.4914,9.2677,good
2025-01-13T00:00:00,2.701151,20.0,9.8257,7.4838,9.405,good
2025-01-13T01:00:00,3.219268,21.0353,9.793,7.4763,9.5683,good
2025-01-13T02:00:00,3.702191,22.0,9.7605,7.4689,9.7558,good
2025-01-13T03:00:00,4.11705,22.8284,9.7282,7.4617,9.9658,good
2025-01-13T04:00:00,4.435614,23.4641,9.6963,7.4547,10.1961,good
2025-01-13T05:00:00,4.636224,23.8637,9.6647,7.448,10.4444,good
2025-01-13T06:00:00,4.705264,24.0,9.6335,7.4416,10.7083,good
2025-01-13T07:00:00,4.638089,23.8637,9.6027,7.4355,10.985,good
2025-01-13T08:00:00,4.439344,23.4641,9.5724,7.4298,11.272,good
2025-01-13T09:00:00,4.122643,22.8284,9.5425,7.4245,11.5661,good
2025-01-13T10:00:00,3.709646,22.0,9.5131,7.4197,11.8647,good
2025-01-13T11:00:00,3.228583,21.0353,9.4842,7.4154,12.1645,good
2025-01-13T12:00:00,2.712323,20.0,9.456,7.4115,12.4628,good
2025-01-13T13:00:00,2.196143,18.9647,9.4283,7.4082,12.7564,good
2025-01-13T14:00:00,1.715319,18.0,9.4013,7.4054,13.0424,good
2025-01-13T15:00:00,1.302722,17.1716,9.3749,7.4032,13.318,good
2025-01-13T16:00:00,0.98658,16.5359,9.3493,7.4016,13.5805,good
2025-01-13T17:00:00,0.788553,16.1363,9.3243,7.4005,13.8272,good
2025-01-13T18:00:00,0.722256,16.0,9.3001,7.4,14.0556,good
2025-01-13T19:00:00,0.792332,16.1363,9.2767,7.4001,14.2635,good
2025-01-13T20:00:00,0.994138,16.5359,9.2541,7.4008,14.4487,good
2025-01-13T21:00:00,1.314056,17.1716,9.2323,7.4021,14.6095,good
2025-01-13T22:00:00,1.730427,18.0,9.2114,7.404,14.7442,good
2025-01-13T23:00:00,2.21502,18.9647,9.1913,7.4065,14.8515,good
2025-01-14T00:00:00,2.734964,20.0,9.1722,7.4094,14.9303,good
2025-01-14T01:00:00,3.254981,21.0353,9.1539,7.413,14.9799,good
2025-01-14T02:00:00,3.739795,22.0,9.1366,7.417,14.9996,good
2025-01-14T03:00:00,4.156533,22.8284,9.1203,7.4215,14.9894,good
2025-01-14T04:00:00,4.476967,23.4641,9.1049,7.4265,14.9493,good
2025-01-14T05:00:00,4.679434,23.8637,9.0906,7.432,14.8798,good
2025-01-14T06:00:00,4.75032,24.0,9.0772,7.4378,14.7814,good
2025-01-14T07:00:00,4.684978,23.8637,9.0649,7.444,14.6553,good
2025-01-14T08:00:00,4.488052,23.4641,9.0536,7.4505,14.5027,good
2025-01-14T09:00:00,4.173158,22.8284,9.0434,7.4574,14.325,good
2025-01-14T10:00:00,3.761954,22.0,9.0342,7.4644,14.1241,good
2025-01-14T11:00:00,3.282668,21.0353,9.0261,7.4717,13.902,good
2025-01-14T12:00:00,2.768171,20.0,9.0191,7.4792,13.6609,good
2025-01-14T13:00:00,2.253738,18.9647,9.0131,7.4868,13.4032,good
2025-01-14T14:00:00,1.774645,18.0,9.0083,7.4944,13.1315,good
2025-01-14T15:00:00,1.363763,17.1716,9.0046,7.5021,12.8484,good
2025-01-14T16:00:00,1.049319,16.5359,9.0019,7.5098,12.5569,good
2025-01-14T17:00:00,0.852972,16.1363,9.0004,7.5174,12.2598,good
2025-01-14T18:00:00,0.788338,16.0,9.0,7.5249,11.9602,good
2025-01-14T19:00:00,0.860059,16.1363,9.0007,7.5323,11.6609,good
2025-01-14T20:00:00,1.06349,16.5359,9.0025,7.5395,11.365,good
2025-01-14T21:00:00,1.385014,17.1716,9.0054,7.5464,11.0755,good
2025-01-14T22:00:00,1.802971,18.0,9.0095,7.5531,10.7952,good
2025-01-14T23:00:00,2.289131,18.9647,9.0146,7.5594,10.5269,good
2025-01-15T00:00:00,2.81062,20.0,9.0208,7.5654,10.2733,good
2025-01-15T01:00:00,3.332162,21.0353,9.0281,7.5711,10.0371,good
2025-01-15T02:00:00,3.818479,22.0,9.0365,7.5763,9.8204,good
2025-01-15T03:00:00,4.236699,22.8284,9.046,7.581,9.6255,good
2025-01-15T04:00:00,4.558591,23.4641,9.0565,7.5853,9.4543,good
2025-01-15T05:00:00,4.762496,23.8637,9.0681,7.589,9.3085,good
2025-01-15T06:00:00,4.834794,24.0,9.0807,7.5923,9.1897,good
2025-01-15T07:00:00,4.770842,23.8637,9.0943,7.595,9.0989,good
2025-01-15T08:00:00,4.575282,23.4641,9.1089,7.5971,9.0371,good
2025-01-15T09:00:00,4.26173,22.8284,9.1245,7.5986,9.005,good
2025-01-15T10:00:00,3.851843,22.0,9.1411,7.5996,9.0027,good
2025-01-15T11:00:00,3.373849,21.0353,9.1587,7.6,9.0304,good
2025-01-15T12:00:00,2.860619,20.0,9.1772,7.5998,9.0878,good
2025-01-15T13:00:00,2.347428,18.9647,9.1966,7.599,9.1742,good
2025-01-15T14:00:00,1.86955,18.0,9.2169,7.5976,9.2889,good
2025-01-15T15:00:00,1.459857,17.1716,9.238,7.5956,9.4307,good
2025-01-15T16:00:00,1.146575,16.5359,9.26,7.5931,9.5982,good
2025-01-15T17:00:00,0.951364,16.1363,9.2829,7.59,9.7896,good
2025-01-15T18:00:00,0.887837,16.0,9.3065,7.5864,10.0032,good
2025-01-15T19:00:00,0.960638,16.1363,9.3309,7.5823,10.2367,good
2025-01-15T20:00:00,1.165122,16.5359,9.356,7.5777,10.4878,good
2025-01-15T21:00:00,1.48767,17.1716,9.3819,7.5726,10.754,good
2025-01-15T22:00:00,1.906622,18.0,9.4084,7.5671,11.0327,good
2025-01-15T23:00:00,2.393748,18.9647,9.4356,7.5612,11.321,good
2025-01-16T00:00:00,2.916175,20.0,9.4634,7.555,11.6161,good
2025-01-16T01:00:00,3.438626,21.0353,9.4918,7.5484,11.9151,good
2025-01-16T02:00:00,3.925822,22.0,9.5208,7.5415,12.2149,good
2025-01-16T03:00:00,4.34489,22.8284,9.5504,7.5344,12.5125,good
2025-01-16T04:00:00,4.667602,23.4641,9.5804,7.5271,12.8051,good
2025-01-16T05:00:00,4.872294,23.8637,9.6109,7.5196,13.0896,good
2025-01-16T06:00:00,4.945351,24.0,9.6418,7.512,13.3632,good
2025-01-16T07:00:00,4.882127,23.8637,9.6731,7.5044,13.6231,good
2025-01-16T08:00:00,4.687263,23.4641,9.7048,7.4967,13.8669,good
2025-01-16T09:00:00,4.374376,22.8284,9.7368,7.489,14.092,good
2025-01-16T10:00:00,3.965123,22.0,9.7691,7.4814,14.2962,good
2025-01-16T11:00:00,3.487732,21.0353,9.8016,7.4739,14.4775,good
2025-01-16T12:00:00,2.975073,20.0,9.8344,7.4666,14.634,good
2025-01-16T13:00:00,2.462421,18.9647,9.8674,7.4594,14.7642,good
2025-01-16T14:00:00,1.985051,18.0,9.9005,7.4525,14.8668,good
2025-01-16T15:00:00,1.575833,17.1716,9.9337,7.4459,14.9407,good
2025-01-16T16:00:00,1.262994,16.5359,9.967,7.4396,14.9853,good
2025-01-16T17:00:00,1.068193,16.1363,10.0003,7.4336,15.0,good
2025-01-16T18:00:00,1.005044,16.0,10.0336,7.4281,14.9847,good
2025-01-16T19:00:00,1.078191,16.1363,10.0669,7.423,14.9397,good
2025-01-16T20:00:00,1.282987,16.5359,10.1001,7.4183,14.8652,good
2025-01-16T21:00:00,1.605816,17.1716,10.1332,7.4141,14.7621,good
2025-01-16T22:00:00,2.025015,18.0,10.1662,7.4104,14.6315,good
2025-01-16T23:00:00,2.512356,18.9647,10.199,7.4073,14.4745,good
2025-01-17T00:00:00,3.034965,20.0,10.2315,7.4047,14.2928,good
2025-01-17T01:00:00,3.557564,21.0353,10.2638,7.4026,14.0882,good
2025-01-17T02:00:00,4.044875,22.0,10.2958,7.4012,13.8627,good
2025-01-17T03:00:00,4.464026,22.8284,10.3275,7.4003,13.6187,good
2025-01-17T04:00:00,4.786787,23.4641,10.3588,7.4,13.3584,good
2025-01-17T05:00:00,4.991496,23.8637,10.3897,7.4003,13.0846,good
2025-01-17T06:00:00,5.064536,24.0,10.4202,7.4012,12.7999,good
2025-01-17T07:00:00,5.001261,23.8637,10.4502,7.4027,12.5073,good
2025-01-17T08:00:00,4.806315,23.4641,10.4797,7.4047,12.2096,good
2025-01-17T09:00:00,4.493312,22.8284,10.5087,7.4073,11.9097,good
2025-01-17T10:00:00,4.08391,22.0,10.5371,7.4105,11.6108,good
2025-01-17T11:00:00,3.606337,21.0353,10.5649,7.4142,11.3158,good
2025-01-17T12:00:00,3.093462,20.0,10.5921,7.4184,11.0276,good
2025-01-17T13:00:00,2.580562,18.9647,10.6186,7.4231,10.7491,good
2025-01-17T14:00:00,2.102911,18.0,10.6444,7.4282,10.4832,good
2025-01-17T15:00:00,1.69338,17.1716,10.6696,7.4338,10.2323,good
2025-01-17T16:00:00,1.380195,16.5359,10.694,7.4397,9.9992,good
2025-01-17T17:00:00,1.185015,16.1363,10.7176,7.4461,9.786,good
2025-01-17T18:00:00,1.121455,16.0,10.7404,7.4527,9.595,good
2025-01-17T19:00:00,1.194158,16.1363,10.7624,7.4596,9.428,good
2025-01-17T20:00:00,1.398479,16.5359,10.7835,7.4667,9.2866,good
2025-01-17T21:00:00,1.7208,17.1716,10.8038,7.4741,9.1724,good
2025-01-17T22:00:00,2.139459,18.0,10.8232,7.4816,9.0865,good
2025-01-17T23:00:00,2.626229,18.9647,10.8416,7.4892,9.0296,good
2025-01-18T00:00:00,3.148234,20.0,10.8592,7.4969,9.0025,good
2025-01-18T01:00:00,3.670198,21.0353,10.8757,7.5046,9.0053,good
2025-01-18T02:00:00,4.156844,22.0,10.8913,7.5122,9.038,good
2025-01-18T03:00:00,4.575298,22.8284,10.906,7.5198,9.1003,good
2025-01-18T04:00:00,4.897331,23.4641,10.9196,7.5273,9.1916,good
2025-01-18T05:00:00,5.101281,23.8637,10.9321,7.5346,9.3109,good
2025-01-18T06:00:00,5.173532,24.0,10.9437,7.5417,9.4571,good
2025-01-18T07:00:00,5.109438,23.8637,10.9542,7.5486,9.6287,good
2025-01-18T08:00:00,4.913642,23.4641,10.9636,7.5551,9.824,good
2025-01-18T09:00:00,4.599759,22.8284,10.972,7.5614,10.0411,good
2025-01-18T10:00:00,4.189449,22.0,10.9793,7.5673,10.2777,good
2025-01-18T11:00:00,3.710937,21.0353,10.9855,7.5728,10.5315,good
2025-01-18T12:00:00,3.197096,20.0,10.9906,7.5778,10.8,good
2025-01-18T13:00:00,2.6832,18.9647,10.9946,7.5824,11.0805,good
2025-01-18T14:00:00,2.204524,18.0,10.9975,7.5865,11.3702,good
2025-01-18T15:00:00,1.79394,17.1716,10.9993,7.5901,11.6662,good
2025-01-18T16:00:00,1.479674,16.5359,11.0,7.5932,11.9655,good
2025-01-18T17:00:00,1.283386,16.1363,10.9996,7.5957,12.2652,good
2025-01-18T18:00:00,1.218691,16.0,10.998,7.5976,12.5622,good
2025-01-18T19:00:00,1.290231,16.1363,10.9954,7.599,12.8535,good
2025-01-18T20:00:00,1.493363,16.5359,10.9916,7.5998,13.1364,good
2025-01-18T21:00:00,1.814468,17.1716,10.9868,7.6,13.4079,good
2025-01-18T22:00:00,2.231886,18.0,10.9808,7.5996,13.6653,good
2025-01-18T23:00:00,2.717388,18.9647,10.9738,7.5986,13.9061,good
2025-01-19T00:00:00,3.2381,20.0,10.9657,7.597,14.1279,good
2025-01-19T01:00:00,3.758747,21.0353,10.9565,7.5949,14.3284,good
2025-01-19T02:00:00,4.24405,22.0,10.9462,7.5922,14.5056,good
2025-01-19T03:00:00,4.661138,22.8284,10.9349,7.5889,14.6578,good
2025-01-19T04:00:00,4.98178,23.4641,10.9225,7.5852,14.7834,good
2025-01-19T05:00:00,5.184317,23.8637,10.9092,7.5809,14.8813,good
2025-01-19T06:00:00,5.255131,24.0,10.8948,7.5761,14.9503,good
2025-01-19T07:00:00,5.189577,23.8637,10.8794,7.5709,14.9898,good
2025-01-19T08:00:00,4.9923,23.4641,10.8631,7.5653,14.9995,good
2025-01-19T09:00:00,4.676914,22.8284,10.8457,7.5593,14.9792,good
2025-01-19T10:00:00,4.265078,22.0,10.8275,7.5529,14.9292,good
2025-01-19T11:00:00,3.78502,21.0353,10.8083,7.5462,14.8499,good
2025-01-19T12:00:00,3.269612,20.0,10.7883,7.5393,14.7421,good
2025-01-19T13:00:00,2.75413,18.9647,10.7673,7.5321,14.6069,good
2025-01-19T14:00:00,2.273847,18.0,10.7455,7.5247,14.4456,good
2025-01-19T15:00:00,1.861637,17.1716,10.7229,7.5172,14.26,good
2025-01-19T16:00:00,1.545727,16.5359,10.6995,7.5096,14.0517,good
2025-01-19T17:00:00,1.347776,16.1363,10.6752,7.5019,13.8229,good
2025-01-19T18:00:00,1.2814,16.0,10.6503,7.4942,13.576,good
2025-01-19T19:00:00,1.351242,16.1363,10.6246,7.4866,13.3132,good
2025-01-19T20:00:00,1.552659,16.5359,10.5982,7.479,13.0374,good
2025-01-19T21:00:00,1.872032,17.1716,10.5712,7.4715,12.7512,good
2025-01-19T22:00:00,2.287702,18.0,10.5435,7.4643,12.4575,good
2025-01-19T23:00:00,2.771441,18.9647,10.5152,7.4572,12.1592,good
2025-01-20T00:00:00,3.290376,20.0,10.4864,7.4504,11.8593,good
2025-01-20T01:00:00,3.80923,21.0353,10.457,7.4438,11.5609,good
2025-01-20T02:00:00,4.292727,22.0,10.4271,7.4376,11.2668,good
2025-01-20T03:00:00,4.707994,22.8284,10.3967,7.4318,10.98,good
2025-01-20T04:00:00,5.026803,23.4641,10.3659,7.4264,10.7035,good
2025-01-20T05:00:00,5.227494,23.8637,10.3347,7.4214,10.4399,good
2025-01-20T06:00:00,5.29645,24.0,10.3031,7.4169,10.1918,good
2025-01-20T07:00:00,5.229028,23.8637,10.2712,7.4129,9.9619,good
2025-01-20T08:00:00,5.02987,23.4641,10.239,7.4094,9.7523,good
2025-01-20T09:00:00,4.712593,22.8284,10.2065,7.4064,9.5652,good
2025-01-20T10:00:00,4.298857,22.0,10.1737,7.404,9.4024,good
2025-01-20T11:00:00,3.81689,21.0353,10.1408,7.4021,9.2655,good
2025-01-20T12:00:00,3.299563,20.0,10.1078,7.4008,9.156,good
2025-01-20T13:00:00,2.782153,18.9647,10.0746,7.4001,9.0749,good
2025-01-20T14:00:00,2.299936,18.0,10.0413,7.4,9.023,good
2025-01-20T15:00:00,1.885784,17.1716,10.008,7.4005,9.0009,good
2025-01-20T16:00:00,1.567925,16.5359,9.9746,7.4016,9.0087,good
2025-01-20T17:00:00,1.368019,16.1363,9.9413,7.4033,9.0464,good
2025-01-20T18:00:00,1.299682,16.0,9.9081,7.4055,9.1136,good
2025-01-20T19:00:00,1.367559,16.1363,9.875,7.4083,9.2097,good
2025-01-20T20:00:00,1.567005,16.5359,9.842,7.4116,9.3336,good
2025-01-20T21:00:00,1.884405,17.1716,9.8091,7.4155,9.4842,good
2025-01-20T22:00:00,2.298097,18.0,9.7765,7.4198,9.66,good
2025-01-20T23:00:00,2.779856,18.9647,9.7442,7.4247,9.8591,good
2025-01-21T00:00:00,,20.0,9.7121,7.43,10.0796,good
2025-01-21T01:00:00,,21.0353,9.6803,7.4356,10.3193,good
2025-01-21T02:00:00,4.295188,22.0,9.6489,7.4417,10.5757,good
2025-01-21T03:00:00,4.708469,22.8284,9.6179,7.4481,10.8464,good
2025-01-21T04:00:00,5.025291,23.4641,9.5873,7.4549,11.1287,good
2025-01-21T05:00:00,5.223996,23.8637,9.5572,7.4618,11.4196,good
2025-01-21T06:00:00,5.290967,24.0,9.5276,7.4691,11.7164,good
2025-01-21T07:00:00,5.221561,23.8637,9.4985,7.4765,12.0159,good
2025-01-21T08:00:00,5.020421,23.4641,9.4699,7.484,12.3154,good
2025-01-21T09:00:00,4.701165,22.8284,9.4419,7.4916,12.6116,good
2025-01-21T10:00:00,4.285453,22.0,9.4146,7.4993,12.9018,good
2025-01-21T11:00:00,3.801514,21.0353,9.3879,7.507,13.1829,good
2025-01-21T12:00:00,3.282219,20.0,9.3619,7.5147,13.4522,good
2025-01-21T13:00:00,2.762846,18.9647,9.3366,7.5222,13.7071,good
2025-01-21T14:00:00,2.278671,18.0,9.312,7.5296,13.9448,good
2025-01-21T15:00:00,1.862568,17.1716,9.2882,7.5369,14.1631,good
2025-01-21T16:00:00,1.542763,16.5359,9.2652,7.5439,14.3599,good
2025-01-21T17:00:00,1.340919,16.1363,9.243,7.5507,14.533,good
2025-01-21T18:00:00,1.270652,16.0,9.2216,7.5572,14.6808,good
2025-01-21T19:00:00,1.336606,16.1363,9.2012,7.5633,14.8019,good
2025-01-21T20:00:00,1.534137,16.5359,9.1816,7.5691,14.8949,good
2025-01-21T21:00:00,1.849632,17.1716,9.1629,7.5744,14.959,good
2025-01-21T22:00:00,2.261429,18.0,9.1451,7.5793,14.9936,good
2025-01-21T23:00:00,2.741302,18.9647,9.1283,7.5838,14.9982,good
2025-01-22T00:00:00,3.25638,20.0,9.1124,7.5877,14.9729,good
2025-01-22T01:00:00,3.771386,21.0353,9.0976,7.5912,14.9179,good
2025-01-22T02:00:00,4.251045,22.0,9.0837,7.594,14.8337,good
2025-01-22T03:00:00,4.662487,22.8284,9.0709,7.5964,14.7212,good
2025-01-22T04:00:00,4.977483,23.4641,9.0591,7.5981,14.5815,good
2025-01-22T05:00:00,5.174374,23.8637,9.0483,7.5993,14.4161,good
2025-01-22T06:00:00,5.239546,24.0,9.0386,7.5999,14.2265,good
2025-01-22T07:00:00,5.168355,23.8637,9.03,7.5999,14.0146,good
2025-01-22T08:00:00,4.965445,23.4641,9.0224,7.5993,13.7826,good
2025-01-22T09:00:00,4.644434,22.8284,9.0159,7.5982,13.5328,good
2025-01-22T10:00:00,4.226983,22.0,9.0106,7.5964,13.2677,good
2025-01-22T11:00:00,3.74132,21.0353,9.0063,7.5941,12.9899,good
2025-01-22T12:00:00,3.220319,20.0,9.0031,7.5912,12.7023,good
2025-01-22T13:00:00,2.699257,18.9647,9.001,7.5878,12.4076,good
2025-01-22T14:00:00,2.213411,18.0,9.0001,7.5839,12.1088,good
2025-01-22T15:00:00,1.795654,17.1716,9.0002,7.5794,11.809,good
2025-01-22T16:00:00,1.474215,16.5359,9.0015,7.5745,11.511,good
2025-01-22T17:00:00,1.270755,16.1363,9.0039,7.5692,11.218,good
2025-01-22T18:00:00,1.198891,16.0,9.0073,7.5634,10.9327,good
2025-01-22T19:00:00,1.263268,16.1363,9.0119,7.5573,10.6582,good
2025-01-22T20:00:00,1.459244,16.5359,9.0176,7.5508,10.397,good
2025-01-22T21:00:00,1.773204,17.1716,9.0244,7.544,10.1518,good
2025-01-22T22:00:00,2.183487,18.0,9.0322,7.537,9.9252,good
2025-01-22T23:00:00,2.661868,18.9647,9.0412,7.5298,9.7192,good
2025-01-23T00:00:00,3.175475,20.0,9.0512,7.5223,9.536,good
2025-01-23T01:00:00,3.689034,21.0353,9.0622,7.5148,9.3775,good
2025-01-23T02:00:00,4.167268,22.0,9.0743,7.5071,9.2452,good
2025-01-23T03:00:00,4.577308,22.8284,9.0874,7.4995,9.1403,good
2025-01-23T04:00:00,4.890926,23.4641,9.1016,7.4918,9.0641,good
2025-01-23T05:00:00,5.086464,23.8637,9.1167,7.4841,9.0172,good
2025-01-23T06:00:00,5.150306,24.0,9.1328,7.4766,9.0001,good
2025-01-23T07:00:00,5.07781,23.8637,9.1499,7.4692,9.0129,good
2025-01-23T08:00:00,4.873621,23.4641,9.1679,7.462,9.0557,good
2025-01-23T09:00:00,4.551356,22.8284,9.1868,7.455,9.1278,good
2025-01-23T10:00:00,4.132676,22.0,9.2067,7.4483,9.2286,good
2025-01-23T11:00:00,3.645812,21.0353,9.2274,7.4418,9.3571,good
2025-01-23T12:00:00,3.123636,20.0,9.249,7.4357,9.5121,good
2025-01-23T13:00:00,2.601425,18.9647,9.2714,7.4301,9.6919,good
2025-01-23T14:00:00,2.114457,18.0,9.2947,7.4248,9.8947,good
2025-01-23T15:00:00,1.695606,17.1716,9.3187,7.4199,10.1186,good
2025-01-23T16:00:00,1.373101,16.5359,9.3435,7.4156,10.3613,good
2025-01-23T17:00:00,1.168603,16.1363,9.369,7.4117,10.6203,good
2025-01-23T18:00:00,1.09573,16.0,9.3952,7.4083,10.8932,good
2025-01-23T19:00:00,1.159126,16.1363,9.422,7.4055,11.1771,good
2025-01-23T20:00:00,1.35415,16.5359,9.4496,7.4033,11.4692,good
2025-01-23T21:00:00,1.667186,17.1716,9.4777,7.4016,11.7666,good
2025-01-23T22:00:00,2.076576,18.0,9.5064,7.4005,12.0664,good
2025-01-23T23:00:00,2.554094,18.9647,9.5357,7.4,12.3655,good
2025-01-24T00:00:00,3.066867,20.0,9.5654,7.4001,12.6609,good
2025-01-24T01:00:00,3.579622,21.0353,9.5957,7.4008,12.9498,good
2025-01-24T02:00:00,4.057083,22.0,9.6264,7.4021,13.2291,good
2025-01-24T03:00:00,4.46638,22.8284,9.6575,7.4039,13.4962,good
2025-01-24T04:00:00,4.779287,23.4641,9.689,7.4063,13.7483,good
2025-01-24T05:00:00,4.974144,23.8637,9.7209,7.4093,13.983,good
2025-01-24T06:00:00,5.037336,24.0,9.753,7.4128,14.1978,good
2025-01-24T07:00:00,4.964222,23.8637,9.7855,7.4168,14.3907,good
2025-01-24T08:00:00,4.759446,23.4641,9.8181,7.4213,14.5597,good
2025-01-24T09:00:00,4.436626,22.8284,9.851,7.4263,14.7031,good
2025-01-24T10:00:00,4.017424,22.0,9.884,7.4317,14.8195,good
2025-01-24T11:00:00,3.530068,21.0353,9.9172,7.4375,14.9077,good
2025-01-24T12:00:00,3.007433,20.0,9.9505,7.4437,14.9669,good
2025-01-24T13:00:00,2.484795,18.9647,9.9838,7.4502,14.9964,good
2025-01-24T14:00:00,1.997433,18.0,10.0171,7.4571,14.996,good
2025-01-24T15:00:00,1.578221,17.1716,10.0504,7.4641,14.9657,good
2025-01-24T16:00:00,1.255386,16.5359,10.0837,7.4714,14.9057,good
2025-01-24T17:00:00,1.050592,16.1363,10.1168,7.4789,14.8167,good
2025-01-24T18:00:00,0.977455,16.0,10.1499,7.4864,14.6996,good
2025-01-24T19:00:00,1.040621,16.1363,10.1827,7.4941,14.5555,good
2025-01-24T20:00:00,1.235447,16.5359,10.2154,7.5018,14.3858,good
2025-01-24T21:00:00,1.548318,17.1716,10.2478,7.5094,14.1923,good
2025-01-24T22:00:00,1.957576,18.0,10.28,7.5171,13.9769,good
2025-01-24T23:00:00,2.434994,18.9647,10.3118,7.5246,13.7418,good
2025-01-25T00:00:00,2.947702,20.0,10.3433,7.532,13.4892,good
2025-01-25T01:00:00,3.460424,21.0353,10.3744,7.5392,13.2218,good
2025-01-25T02:00:00,3.937886,22.0,10.4051,7.5461,12.9422,good
2025-01-25T03:00:00,4.347217,22.8284,10.4354,7.5528,12.6531,good
2025-01-25T04:00:00,4.66019,23.4641,10.4651,7.5592,12.3575,good
2025-01-25T05:00:00,4.855146,23.8637,10.4944,7.5652,12.0584,good
2025-01-25T06:00:00,4.918472,24.0,10.5231,7.5708,11.7587,good
2025-01-25T07:00:00,4.845523,23.8637,10.5512,7.576,11.4613,good
2025-01-25T08:00:00,4.640946,23.4641,10.5787,7.5808,11.1694,good
2025-01-25T09:00:00,4.318358,22.8284,10.6055,7.5851,10.8857,good
2025-01-25T10:00:00,3.89942,22.0,10.6317,7.5889,10.6132,good
2025-01-25T11:00:00,3.412362,21.0353,10.6572,7.5921,10.3546,good
2025-01-25T12:00:00,2.890056,20.0,10.682,7.5949,10.1124,good
2025-01-25T13:00:00,2.367782,18.9647,10.706,7.597,9.889,good
2025-01-25T14:00:00,1.880815,18.0,10.7292,7.5986,9.6868,good
2025-01-25T15:00:00,1.46203,17.1716,10.7516,7.5996,9.5076,good
2025-01-25T16:00:00,1.139655,16.5359,10.7731,7.6,9.3534,good
2025-01-25T17:00:00,0.935352,16.1363,10.7938,7.5998,9.2256,good
2025-01-25T18:00:00,0.862739,16.0,10.8137,7.599,9.1255,good
2025-01-25T19:00:00,0.926461,16.1363,10.8326,7.5977,9.0541,good
2025-01-25T20:00:00,1.121874,16.5359,10.8506,7.5957,9.0122,good
2025-01-25T21:00:00,1.435365,17.1716,10.8676,7.5932,9.0001,good
2025-01-25T22:00:00,1.845273,18.0,10.8837,7.5902,9.018,good
2025-01-25T23:00:00,2.323373,18.9647,10.8988,7.5866,9.0657,good
